"X","GeneSymbol","GeneID","baseMean","log2FoldChange","lfcSE","stat","pvalue","padj"
9381,"OTOF",9381,4419.99852679385,7.52434756921669,1.02105365500944,7.36919899586193,1.71656271679809e-13,3.97178281412743e-09
3429,"IFI27",3429,3667.49008452147,7.47069902296614,1.1024938652187,6.77618194409106,1.23393269970836e-11,1.4275367402926e-07
6614,"SIGLEC1",6614,14689.5378861408,4.58211955226078,0.763323747031568,6.00285209267998,1.9388122332967e-09,8.9720474908038e-06
10964,"IFI44L",10964,80178.3614298312,4.45127633536861,0.785690436562089,5.66543275599212,1.46653930126242e-08,5.60530096002033e-05
26010,"SPATS2L",26010,4038.62203779112,4.65292300539144,0.830234091503291,5.60435069218426,2.09037092693238e-08,5.60530096002033e-05
101929095,"C1QTNF7-AS1",101929095,76.3304492906804,1.93889631524422,0.343938643522392,5.63733198278427,1.72704971235944e-08,5.60530096002033e-05
162517,"FBXO39",162517,106.562669420563,3.46443819106197,0.621006340730204,5.57874849874858,2.42255206155257e-08,5.60530096002033e-05
105373148,"SAT1-DT",105373148,486.518166987929,3.73534570956045,0.668800478624967,5.58514209983851,2.33509204318449e-08,5.60530096002033e-05
104326052,"NRIR",104326052,1253.7402716691,3.72921322610877,0.671757562906519,5.55142722915309,2.83346664156079e-08,5.96006828658487e-05
105369734,"LINC02471",105369734,117.36937418111,3.41233771810144,0.617959901765661,5.52194035300926,3.35276315718728e-08,6.4646861609166e-05
100847087,"MIR5192",100847087,21.7453875636969,2.24579341804268,0.410807997560348,5.46677141482079,4.58306449315781e-08,8.15714971097581e-05
4061,"LY6E",4061,14880.8233587787,3.26394403593016,0.600993154475881,5.43091716040693,5.6065157214786e-08,9.26596862596941e-05
101928391,"LOC101928391",101928391,149.876164895971,5.60063585771625,1.04296865821263,5.3698985234266,7.87809591990339e-08,0.000113927114621703
2048,"EPHB2",2048,519.639232473102,2.72447959512849,0.512923755011139,5.31166585386423,1.08627645067509e-07,0.000127667069377534
10561,"IFI44",10561,73439.908840406,3.35040592261744,0.630402309880073,5.31471073330112,1.06826889909085e-07,0.000127667069377534
107986148,NA,107986148,153.258453416346,2.44392844832658,0.459921048146092,5.3137999623585,1.07362473312492e-07,0.000127667069377534
51207,"DUSP13B",51207,65.9633138342638,2.68374156870601,0.506376526077392,5.29989332146855,1.15870362906397e-07,0.000127667069377534
4938,"OAS1",4938,27520.2373773028,3.30961288354003,0.624239958354105,5.30182798977861,1.14648841077391e-07,0.000127667069377534
111216282,"LINC02574",111216282,20.9798264616279,3.8600480463705,0.732984766315253,5.26620500692687,1.39272752543872e-07,0.000140553279900511
11274,"USP18",11274,3894.70845074769,4.50856032999229,0.85749952262082,5.2577992302696,1.45789554741649e-07,0.000140553279900511
105372942,"FAM247D",105372942,118.326852986725,4.75763229767706,0.904775533169246,5.2583564909321,1.45348547514998e-07,0.000140553279900511
5359,"PLSCR1",5359,18232.5394939141,2.55609624246564,0.488515608448493,5.23237374253753,1.67346955254125e-07,0.000154882954026798
101927741,"LOC101927741",101927741,643.544812868748,4.12370898302761,0.789679690084203,5.22200207857429,1.76998982109262e-07,0.000157515478770927
10410,"IFITM3",10410,27271.978540015,3.11890562320296,0.601242940034624,5.18742993144061,2.13216107209163e-07,0.000182718306985393
129607,"CMPK2",129607,12041.5665827463,3.4053508545157,0.659439221102801,5.16401018553435,2.41714534829598e-07,0.00019974253238883
4940,"OAS3",4940,65827.1405316896,3.42318569475295,0.665138961990005,5.14657220577072,2.65289377622594e-07,0.000211664331704537
105376707,NA,105376707,196.645730356366,1.26561075998962,0.246538307856682,5.13352578344679,2.84364053577969e-07,0.000219320515722901
101930164,"LINC02555",101930164,1035.08419872121,2.804344557036,0.547935732241132,5.11801730025135,3.08764286848628e-07,0.000223255877159486
105377182,"FAM247C",105377182,68.2631712469168,4.02348023919633,0.786091777363995,5.11833395928436,3.08246437684266e-07,0.000223255877159486
127254,"ERICH3",127254,340.001625008574,4.43314044443142,0.869925964911702,5.09599738741145,3.46909910478395e-07,0.000241671274057802
6035,"RNASE1",6035,128.327089309108,3.05444558757353,0.599903240930011,5.09156373757594,3.55122453019503e-07,0.000241671274057802
219537,"SMTNL1",219537,2911.95145423381,3.26807474708678,0.643930646601,5.07519678452544,3.87095179828898e-07,0.000252554469841543
105377524,"LOC105377524",105377524,105.014605677748,2.46268828141162,0.490035264340654,5.02553277410592,5.02036816114969e-07,0.000305687575033372
8820,"HESX1",8820,403.050962788539,4.74125031983486,0.945307341658505,5.01556489714395,5.28778718877477e-07,0.000313714923009925
105379548,"LOC105379548",105379548,47.0894900784225,4.42820118602981,0.886085862010454,4.99748543101973,5.80827254022909e-07,0.000335979525089552
5610,"EIF2AK2",5610,32698.8835001176,2.16049717988453,0.433159026330493,4.98776903759153,6.10805274859184e-07,0.00034470274267541
57047,"PLSCR2",57047,85.8249924016535,1.8849963427963,0.378296493933948,4.98285438279908,6.26531006096954e-07,0.000345158914739793
107985562,NA,107985562,420.973949543636,4.20874199467093,0.846022584653462,4.97473952943569,6.53354309520398e-07,0.000351565395667046
107984593,NA,107984593,654.621944446951,2.27505805909724,0.460272469669337,4.94285061353258,7.69884766806408e-07,0.000404854403053788
4502,"MT2A",4502,1804.46646979949,3.45468728160664,0.700078498581336,4.93471416220802,8.02682261139516e-07,0.000412721381294358
4939,"OAS2",4939,43941.9226274975,2.96661625107384,0.605728672782687,4.89759917991888,9.70146708896772e-07,0.000477601160647947
714,"C1QC",714,144.175051799977,4.26031188239748,0.870839854654661,4.89218753554515,9.97213558781291e-07,0.000480698485897531
107984200,"LOC107984200",107984200,232.453382213479,1.1819500748127,0.242864406903663,4.86670768220701,1.13472673025614e-06,0.00052510614169333
106614088,"MIR34AHG",106614088,87.6919459046359,2.77000643086696,0.570924848891883,4.85178817534971,1.22353264368064e-06,0.000544424967490051
105375028,"LOC105375028",105375028,26.2722277378798,1.46321638891302,0.302635831136617,4.83490795989879,1.33207254096771e-06,0.000581537631186998
11221,"DUSP10",11221,727.497473602688,1.09327096659347,0.226444625000506,4.82798373593999,1.37922354628942e-06,0.000584475877136325
4599,"MX1",4599,59985.2929186827,2.9865325117768,0.618774238477277,4.82653013985565,1.38932376361388e-06,0.000584475877136325
373856,"USP41P",373856,169.577381285595,4.21537268818224,0.876974526878562,4.80672192747276,1.53425154401697e-06,0.00063391986116901
117854,"TRIM6",117854,474.96167021099,2.88581142243293,0.60188161231837,4.79464958452071,1.6295942990221e-06,0.000639292249357784
558,"AXL",558,244.520745830182,3.50806548270383,0.73073027824686,4.80076655797026,1.58059433304805e-06,0.000639292249357784
101928424,"TMEM123-DT",101928424,66.2218534516933,2.23076194484864,0.467214640425357,4.7745976941513,1.80066855209971e-06,0.000694397815974717
105373180,"LOC105373180",105373180,53.6218193665325,4.70034560779089,0.990812307873533,4.74393138886083,2.09609869316822e-06,0.000769833834325812
9636,"ISG15",9636,3529.79576678601,3.94167706050011,0.832710027387861,4.73355301468485,2.20623303416274e-06,0.000773451817340264
91543,"RSAD2",91543,51970.0074162532,4.21573874027859,0.890363230172069,4.73485269541496,2.19214253125095e-06,0.000773451817340264
717,"C2",717,1150.76081622256,2.78828110654323,0.588420000631943,4.73858995878575,2.15210485809324e-06,0.000773451817340264
63967,"CLSPN",63967,223.333129206632,1.43432149869129,0.303310429036141,4.72888948543337,2.25751216364238e-06,0.000779616663318769
3728,"JUP",3728,1639.77452546915,2.63288179979738,0.559400622937893,4.70661220570306,2.51867379906078e-06,0.00084459528061838
105372935,"FAM247A",105372935,144.756583948868,4.28593806189958,0.9113746511969,4.7027180932352,2.56720763791658e-06,0.000848572147515912
105374219,"LINC02068",105374219,88.5458100895329,4.86597289734287,1.04100302604283,4.67431196222352,2.94940722139777e-06,0.00096117442660143
105372118,NA,105372118,298.711924824589,2.04426541034042,0.438012636764034,4.66713797447288,3.05424242723446e-06,0.000981514740018762
55008,"HERC6",55008,5307.68284661742,2.49152692041669,0.537650918651744,4.63409776489296,3.58497553495871e-06,0.0011362899168202
107984474,"LRRK2-DT",107984474,339.780613062092,2.42804710058932,0.525870830370558,4.61719296900035,3.88965548686445e-06,0.00121620065750094
400941,"LINC00487",400941,162.629369363759,3.38122017880151,0.73395469517461,4.60685135067786,4.08812027610587e-06,0.00124461745984918
629,"CFB",629,159.106148390542,2.51376677059016,0.545567699781273,4.60761656453997,4.07310876366448e-06,0.00124461745984918
105369402,"LOC105369402",105369402,325.541574002246,2.56085665857631,0.558018144803076,4.58919962088336,4.44948771677282e-06,0.00131990059988064
55601,"DDX60",55601,13786.3433303155,2.45032278933671,0.537003610805066,4.56295402867633,5.04388620087199e-06,0.00147728403690856
84561,"SLC12A8",84561,64.1853660763421,2.96062351547221,0.649819931827828,4.55606756650954,5.21201770411094e-06,0.00149329861276357
100616269,"MIR4639",100616269,123.226909056466,1.73179145293207,0.381578467846759,4.53849364903774,5.66575019111131e-06,0.00157944732436064
107984529,NA,107984529,337.593775094398,1.4888083592951,0.328519519951572,4.53187183371802,5.84633188206595e-06,0.00161038603675288
54739,"XAF1",54739,58775.9846485013,2.54393401000293,0.561863171842256,4.52767530867309,5.96361209307346e-06,0.00162336537187687
102724297,"CCR5AS",102724297,314.831871048926,2.42471188416199,0.536582819006276,4.51880268669883,6.21903174149829e-06,0.00165397651074468
2537,"IFI6",2537,10916.4873657946,2.88775036244526,0.639983277752917,4.51222783911576,6.4150222989183e-06,0.00166664411719244
107986984,NA,107986984,19.1957002268627,3.13377275829508,0.694524747823393,4.51211100557061,6.41855788019354e-06,0.00166664411719244
55026,"TMEM255A",55026,541.042414129952,2.61825432469755,0.580544161591183,4.51000026857787,6.48275436715878e-06,0.00166664411719244
51191,"HERC5",51191,18936.0045486379,2.98785560527857,0.665311063247398,4.49091525803702,7.09177648972004e-06,0.00178406592142787
100133669,"LY6E-DT",100133669,51.9032950448465,2.79962412793806,0.623725100776503,4.48855453220126,7.17080692768569e-06,0.00178406592142787
7113,"TMPRSS2",7113,10.8868017496696,4.38842373196,0.977616435329918,4.48890134552518,7.15914404438751e-06,0.00178406592142787
710,"SERPING1",710,9364.54024726912,3.5795024554218,0.798000810947021,4.48558749103758,7.27133010360602e-06,0.00178983016954507
105370431,"G2E3-AS1",105370431,22.5823350465727,1.56559915609018,0.349787504748176,4.47585787038707,7.61051028939842e-06,0.00185359986395896
107985786,NA,107985786,9.74358329756881,5.22956921055735,1.17162060274751,4.46353469569735,8.06185368807621e-06,0.00194307469411153
3434,"IFIT1",3434,68639.2252305972,3.41036263115074,0.765476491811877,4.45521536929036,8.38090186578763e-06,0.00199914749866592
94240,"EPSTI1",94240,14975.5526848146,2.52310495628833,0.567227371654002,4.44813681845273,8.6618352772359e-06,0.00204507698617025
101927100,"TICAM2-AS1",101927100,70.1090997911584,1.13789921333436,0.256146950748701,4.44236876530584,8.89739008932214e-06,0.00205867811886736
51316,"PLAC8",51316,14743.8240997197,1.73471090027244,0.39079530012611,4.43892467415204,9.04094489251342e-06,0.00206780894261927
3665,"IRF7",3665,3419.80601665935,2.27131216709665,0.511884857997367,4.43715443348459,9.11558959923786e-06,0.00206780894261927
8638,"OASL",8638,12625.9144895581,2.81814243287673,0.63609372605268,4.43038866357775,9.40634017817764e-06,0.00211304756352111
57801,"HES4",57801,58.470058147316,3.30175150572257,0.748735861944426,4.40976808182809,1.03481382393939e-05,0.00230226175560669
54625,"PARP14",54625,60437.865077728,1.93947750198509,0.440027678662845,4.40762614724321,1.04509733706236e-05,0.00230299639856657
196410,"TMT1B",196410,60.6593090011592,3.27846847922615,0.746154453810408,4.39382015678376,1.11375964690401e-05,0.00240842716916496
83483,"PLVAP",83483,75.5041067469085,2.74112889893169,0.623650728015338,4.39529495564747,1.10622441708856e-05,0.00240842716916496
3437,"IFIT3",3437,92218.3540181721,2.99180989945651,0.682130130699081,4.3859811563966,1.15464117523042e-05,0.00242873522840741
64135,"IFIH1",64135,11054.1260954156,2.31578539737906,0.529689220781314,4.3719700279405,1.23130431838193e-05,0.00256665939808299
23179,"RGL1",23179,777.189194734093,2.17127880355142,0.497045352117321,4.36837160694125,1.25176372029282e-05,0.00256835774607069
102723458,"LOC102723458",102723458,2116.92173478254,1.91353968394258,0.438088845426324,4.3679260586524,1.25431941095163e-05,0.00256835774607069
101928263,"LOC101928263",101928263,133.402414173731,2.26177658107372,0.518637884902175,4.3609937625369,1.29473057902341e-05,0.00262784878398628
100422914,"MIR4253",100422914,9.64751806541108,2.63673426115069,0.605129293173328,4.35730725796388,1.31672362826103e-05,0.0026492479400612
100303749,"LOC100303749",100303749,13.6504939306667,1.83715391522465,0.422914748598624,4.34402895929325,1.39893061899779e-05,0.00279038419503197
6948,"TCN2",6948,2321.57671858314,2.8463949892596,0.658030483129285,4.32562785803399,1.52098014839284e-05,0.00300790074132594
3959,"LGALS3BP",3959,2420.78696073865,2.38787026763318,0.553936677471132,4.31072785888532,1.62718061380833e-05,0.00313747542019144
9966,"TNFSF15",9966,157.153437445545,2.20620529809851,0.512137739085721,4.3078358217402,1.64859678701749e-05,0.00315249855024882
107984251,NA,107984251,362.352422953482,1.84084318059102,0.427907707247876,4.30196313226175,1.69291484640463e-05,0.0031589244932347
84502,"JPH4",84502,111.900262333612,1.62133814887392,0.376760003481389,4.30337120153999,1.68218657285475e-05,0.0031589244932347
105369350,"LOC105369350",105369350,13.1242543404334,3.19627899184023,0.74463579682879,4.29240577132116,1.76747566249069e-05,0.00324570253005632
101928163,"LOC101928163",101928163,32.5325581576028,1.98716524082496,0.463340133647562,4.28878289730994,1.79654870582286e-05,0.00327311369727002
344887,"NMRAL2P",344887,35.7150031504851,2.26577974957472,0.528883529436634,4.28408075401446,1.83496261625221e-05,0.00328980588426827
55603,"TENT5A",55603,5576.39910882312,1.60612234222918,0.375046471722297,4.2824622102256,1.84836530795607e-05,0.00328980588426827
283849,"EXOC3L1",283849,34.8006453987903,2.97131940288315,0.693403581356385,4.28512266560677,1.82638388450893e-05,0.00328980588426827
8351,"H3C4",8351,95.4122160517903,1.61114787981026,0.377367460122284,4.26944039978481,1.95964003033084e-05,0.003409184287353
3750,"KCND1",3750,686.962323530059,1.28423882297154,0.300974485999335,4.26693584576593,1.98176118485535e-05,0.00342193957426739
4288,"MKI67",4288,856.260023397393,1.39906884596738,0.328301263856385,4.26153962836831,2.03023343383881e-05,0.00347966971793796
1672,"DEFB1",1672,28.3601242584702,6.78252231682316,1.59484711356438,4.25277273234339,2.11139829334323e-05,0.00359217159642468
101926887,NA,101926887,1607.14361065911,2.96021554294413,0.698240656990972,4.23953476971824,2.2398350062538e-05,0.00378286878647448
647215,"MROH3P",647215,38.3174747014406,1.1749332708659,0.277442564626699,4.23487027827463,2.28683679598521e-05,0.0038342630279352
22849,"CPEB3",22849,1107.56363467271,1.01959235160109,0.240995862641995,4.23074628926607,2.32917263635614e-05,0.00387715082446103
100616114,"MIR4668",100616114,28.2786298555532,1.4714245653229,0.348312399168272,4.22443923568752,2.39536468983519e-05,0.00394885510997247
401105,"FLJ42393",401105,31.0213144069892,1.52327355016579,0.361279010115087,4.2163355952524,2.48304159632791e-05,0.00401766548642205
100294362,"RNF213-AS1",100294362,2615.01042987303,1.55883611871886,0.370532050098999,4.20702100750087,2.58759095698164e-05,0.00412908134914767
219988,"PATL1",219988,10277.1926880934,1.14949378081843,0.274196049104466,4.19223320165523,2.76221838088739e-05,0.00437754855458715
84628,"NTNG2",84628,3490.3168458807,1.94834709581682,0.465362930167911,4.18672603577131,2.83007082602873e-05,0.00442447153869276
105373424,"LOC105373424",105373424,37.127255132532,1.80733038903347,0.432611131712962,4.17772511279861,2.94439196854025e-05,0.00454182275787228
100616419,"MIR4434",100616419,39.3376067896812,1.8145473904329,0.436875427670444,4.15346635563513,3.27476380276695e-05,0.00491388688732756
83666,"PARP9",83666,33456.3522607452,1.72886350364404,0.416364797471677,4.15228067824741,3.29178177688552e-05,0.00491388688732756
5129,"CDK18",5129,197.074255321914,1.36302430496288,0.328773319520678,4.14578745912245,3.38647847815473e-05,0.00499215432761497
105373404,"LOC105373404",105373404,83.398810529455,3.31251293418559,0.799733948789106,4.14201865408007,3.44262335285986e-05,0.00499215432761497
105377035,"LOC105377035",105377035,11.4008593477646,2.18982145498701,0.528304399384782,4.1449994691263,3.39814497434432e-05,0.00499215432761497
100128385,"FAM225B",100128385,426.162346599496,2.80644702041512,0.677722173114417,4.14099926451914,3.45796069565318e-05,0.00499215432761497
286333,"FAM225A",286333,499.854327056089,2.82789179839551,0.68354002743743,4.13712684683176,3.51681716397805e-05,0.00499215432761497
51338,"MS4A4A",51338,1193.54366194642,2.5688948871271,0.620642192743122,4.13909160086759,3.4868371848526e-05,0.00499215432761497
79132,"DHX58",79132,3827.65018499615,2.11544846645474,0.51173321311771,4.13388932402193,3.56675285784204e-05,0.00503216631858227
107987106,"CT70",107987106,16.1632354757638,2.05557522691583,0.498362710476663,4.12465696911744,3.71287705255539e-05,0.00517521380976065
90381,"TICRR",90381,37.3379367235332,1.59779842043674,0.387614759967782,4.12212997402252,3.75385288321315e-05,0.00520099688693329
105377067,"LOC105377067",105377067,1074.20702230725,2.17465206911341,0.528623598727504,4.11380058390925,3.89197683179827e-05,0.00536027142465169
2191,"FAP",2191,40.7758204326503,2.99996513585713,0.730074673323888,4.10912095087325,3.9716803317516e-05,0.00543767689444193
375790,"AGRN",375790,321.394435099018,2.35979332347628,0.57464067425469,4.10655463353152,4.01604505957245e-05,0.00546607356402278
105374071,"LOC105374071",105374071,4387.61793027146,1.47025689633533,0.359734192852756,4.08706463146006,4.36865446753337e-05,0.00581213289818035
107987192,"LOC107987192",107987192,124.737471234801,1.63492567187616,0.400035474320484,4.08695172510215,4.37078020694693e-05,0.00581213289818035
107985115,"ZNF496-DT",107985115,47.2894302310348,2.01091753189747,0.493956591403719,4.07104099204926,4.68035116291323e-05,0.00615306620497082
27074,"LAMP3",27074,1616.41418169169,3.36873162966906,0.828134529138562,4.06785553691773,4.74477806497792e-05,0.00615753716697165
7071,"KLF10",7071,8244.15806737781,1.78607095527002,0.439168990409266,4.06693321767906,4.76358869776094e-05,0.00615753716697165
9027,"NAT8",9027,63.0853489763502,3.22169588798928,0.792448682669894,4.06549466034171,4.79306917675279e-05,0.00616122414509478
9156,"EXO1",9156,45.6521400233127,1.3883159958375,0.341979491794088,4.0596469354175,4.91469729073043e-05,0.00619452795054964
3433,"IFIT2",3433,122335.825645427,2.80420072258882,0.690766020153013,4.05955220838403,4.91669141286512e-05,0.00619452795054964
440836,"CIMAP1B",440836,1082.59890988803,1.85173373543854,0.455871128958529,4.06196755576289,4.86608412542037e-05,0.00619452795054964
10076,"PTPRU",10076,42.5343663452005,2.67335600444774,0.659297717938097,4.05485402377617,5.016562072946e-05,0.00625102391609064
147645,"VSIG10L",147645,71.231679758666,1.87791048143698,0.463171544807734,4.05445995655134,5.02502570832768e-05,0.00625102391609064
59341,"TRPV4",59341,57.0427951203878,1.72009047229273,0.424624502499078,4.05085072144762,5.10317575882042e-05,0.00629200360068255
773,"CACNA1A",773,265.227122836777,1.97810618596254,0.489063212658069,4.04468407102528,5.23937296088822e-05,0.00638120466395981
110806280,"CCDC194",110806280,164.8568982312,2.27460200021609,0.562372110276848,4.04465648037975,5.23998999979412e-05,0.00638120466395981
6672,"SP100",6672,27468.8378112798,1.09021005365784,0.270009825622738,4.03766807797987,5.39851637758927e-05,0.00653181943894885
387700,"SLC16A12",387700,6.32689260276045,3.01663312035577,0.747296150976303,4.03673044001993,5.42012849977604e-05,0.00653181943894885
11199,"ANXA10",11199,24.8298387310454,2.18396839269719,0.542081505243352,4.02885612508909,5.60489057242865e-05,0.00662494398028258
100874205,"ATP11A-AS1",100874205,58.4581180254545,2.02295356796392,0.501960467875504,4.03010535177375,5.57518596102177e-05,0.00662494398028258
23034,"SAMD4A",23034,1947.08458995863,2.4594284347373,0.612661038947786,4.01433791017826,5.96128930561245e-05,0.00696627838147782
442421,"PTGER4P2-CDK2AP2P2",442421,58.5291719638077,2.03652381520517,0.508328552450708,4.00631403722427,6.16736397635676e-05,0.0071708777731127
100996415,"FAM230D",100996415,12.2539096743653,4.24835337257482,1.06114182884826,4.00356790871761,6.2394279929645e-05,0.00721839424506063
952,"CD38",952,3584.64456979768,1.38903399311262,0.347469777659647,3.99756779558883,6.39966649993426e-05,0.00735067004003739
24138,"IFIT5",24138,6643.21354764778,1.88283133917759,0.471346233552766,3.99458233703444,6.48083969300556e-05,0.00735067004003739
7052,"TGM2",7052,255.569008734992,2.60117038808456,0.651136110829603,3.9948182028646,6.47439132631987e-05,0.00735067004003739
65987,"KCTD14",65987,31.8041501562911,3.06985511429258,0.769946501706228,3.98710184082879,6.68853201285095e-05,0.00754923188845586
2896,"GRN",2896,19507.2532420188,1.19646640523653,0.300197917539183,3.98559195561496,6.73121021753334e-05,0.00756052145695565
105370178,"LOC105370178",105370178,69.1860249441402,2.25419029563909,0.565901935243567,3.98335852071062,6.79481295165036e-05,0.00759509092151141
2296,"FOXC1",2296,30.2245354871376,2.62545840397874,0.659472289006189,3.98115045582165,6.85825191535931e-05,0.00762914580853768
219285,"SAMD9L",219285,48117.7512136154,2.14764467952064,0.540212341980385,3.97555648515455,7.02148752709892e-05,0.00772106575905092
105378020,"SIMALR",105378020,277.108360355933,3.53015303163604,0.889587428835406,3.96830363965182,7.23860665156809e-05,0.00789467116878972
105370355,"LOC105370355",105370355,304.244871164472,2.11019925008776,0.531891042800488,3.9673524844059,7.26754671515347e-05,0.00789467116878972
54877,"ZCCHC2",54877,16737.9372591611,1.64643304008174,0.416115102303171,3.95667696502443,7.59995925135416e-05,0.0082171895868146
94,"ACVRL1",94,110.296784834663,1.75830517628375,0.444645492351978,3.95439784396126,7.67276457453339e-05,0.00823864627288146
285180,"RUFY4",285180,1646.36831438189,2.6572612262773,0.672757190149693,3.94980724871337,7.82141529255716e-05,0.00826355739904967
9997,"SCO2",9997,957.15575864255,1.81308922312147,0.45895694687193,3.95045599697046,7.80024383530598e-05,0.00826355739904967
107985435,"LOC107985435",107985435,9.09226616853969,3.79600197883632,0.961584287528291,3.94765391663561,7.8920779161024e-05,0.00830031358285352
102723955,"PDE4DIPP7",102723955,46.2689913953021,1.55176929534739,0.393754978901922,3.94095155234574,8.11590183637971e-05,0.00846248631911443
259266,"ASPM",259266,169.364227935777,1.39782393859426,0.355921303041117,3.92733991095997,8.58905538600397e-05,0.00846248631911443
105374234,"LOC105374234",105374234,37.0133861794676,1.48361081742702,0.377878829067586,3.92615490285026,8.63145808328726e-05,0.00846248631911443
64761,"PARP12",64761,11936.8084682824,1.70343086561887,0.433701222049471,3.92765982435846,8.57764183174653e-05,0.00846248631911443
107986918,"LOC107986918",107986918,37.4774225930841,2.20805334341283,0.561557789678462,3.93201444979887,8.42370010050677e-05,0.00846248631911443
158405,"KIAA1958",158405,2341.90352940501,1.49768087511408,0.381089118270312,3.93000168021526,8.49452679881324e-05,0.00846248631911443
10346,"TRIM22",10346,60572.7716734964,1.58019553955305,0.402161082896096,3.92926020631717,8.5207598326092e-05,0.00846248631911443
105369735,"LOC105369735",105369735,62.8121327424302,1.78810266496311,0.455095880985122,3.9290680045104,8.5275723347138e-05,0.00846248631911443
90668,"CARMIL3",90668,299.169294114483,1.6451077264394,0.418726776292552,3.92883335764993,8.53589625890957e-05,0.00846248631911443
3430,"IFI35",3430,6630.27758520403,1.95705923997407,0.498108937628446,3.92897836624224,8.53075128031945e-05,0.00846248631911443
6241,"RRM2",6241,397.263857481167,1.3408735973193,0.341731489424268,3.92376365309013,8.71762626768529e-05,0.00851090449711824
3627,"CXCL10",3627,1806.11321487208,4.27930772193837,1.09190183155457,3.91913228668717,8.88683309820279e-05,0.00860349557431866
57674,"RNF213",57674,131142.564533435,1.4082665607042,0.359890005522847,3.91304715077674,9.11387303824559e-05,0.00875007445472724
118788,"PIK3AP1",118788,19302.5235283612,1.38203582284479,0.353576988951931,3.90872671590253,9.27838495176283e-05,0.00887120954602845
101927354,"LINC03016",101927354,43.9960310673499,1.69838455162147,0.434677874030172,3.90722567927068,9.3361944117028e-05,0.00888974758427899
6355,"CCL8",6355,316.275829504844,5.28746401663448,1.35576866080946,3.8999750986113,9.62025821098502e-05,0.00911563315702265
26519,"TIMM10",26519,3143.49000996469,2.39211008613268,0.614736885560819,3.89127469380722,9.97189602588376e-05,0.00935335139073196
3725,"JUN",3725,712.555912421951,1.12518645507883,0.290169035105585,3.87769306490406,0.00010545163816447,0.00978474283163977
114908,"TMEM123",114908,48037.9383951005,1.43858430460863,0.371142289906922,3.87609912351786,0.000106144457202074,0.00978474283163977
54453,"RIN2",54453,3062.90574168942,2.20082700608429,0.567392220034668,3.8788459347395,0.000104953196196601,0.00978474283163977
105372618,"LOC105372618",105372618,15.997083650708,3.26476975141543,0.843540411394373,3.87031813451446,0.000108693417774771,0.00997995357330416
1514,"CTSL",1514,1634.75150091099,2.19104840793829,0.566444512917547,3.86807243776272,0.000109699080357963,0.00999298158001006
105371981,"LOC105371981",105371981,134.654127392881,2.01869919830195,0.522983428289001,3.85996780989093,0.000113401962724723,0.0102897827981359
675,"BRCA2",675,848.126296244665,1.82552054040689,0.473221002448437,3.85764902859696,0.000114482877366586,0.0103196315640252
10673,"TNFSF13B",10673,13493.7123813108,1.61728774969736,0.419274296151729,3.85735010359921,0.000114622928168142,0.0103196315640252
713,"C1QB",713,362.217670511256,3.34978861633492,0.870110246694908,3.84984388939103,0.000118193132300692,0.0105271741645454
6543,"SLC8A2",6543,8.58349976451536,3.26054738333329,0.846975315984131,3.84963684513609,0.000118293079902403,0.0105271741645454
9314,"KLF4",9314,3924.27283816062,1.19522959301744,0.310619452919262,3.84789034229646,0.000119139356092256,0.0105618636829986
108783645,"HFE-AS1",108783645,228.929573152132,1.48975431883301,0.388839976810505,3.83127869478044,0.000127479007315627,0.0110887566589059
105375769,"LOC105375769",105375769,131.839142684726,2.4476667823123,0.639202671860253,3.82924992348503,0.000128534422541525,0.0111193160961486
100462983,"MTRNR2L3",100462983,9.50265137868216,1.96878509807678,0.514209826207332,3.82875821840667,0.000128791456209172,0.0111193160961486
257019,"FRMD3",257019,2132.43806858659,2.1008496779892,0.549771085075043,3.82131715367031,0.000132740812778922,0.0114176837400695
100506681,"JARID2-AS1",100506681,40.7009547267037,1.28044142699709,0.335561909292483,3.81581279501252,0.000135735387130086,0.0114205286815125
140766,"ADAMTS14",140766,28.3842692754433,1.35437930402632,0.354903160839351,3.81619397478229,0.000135525977100899,0.0114205286815125
146909,"KIF18B",146909,42.6726859051802,1.88056384642093,0.492617994392684,3.81748914539622,0.000134816716627151,0.0114205286815125
4343,"MOV10",4343,7272.65711715138,1.39518316139851,0.366657347339457,3.80514169843385,0.000141723033930316,0.0116307571114037
5159,"PDGFRB",5159,585.974227629062,1.68909824242054,0.443904946853877,3.80508992835476,0.000141752679808792,0.0116307571114037
10589,"DRAP1",10589,2694.7061545972,1.39810981243004,0.367904818614937,3.80019434834682,0.00014458265093926,0.0118210366693732
57758,"SCUBE2",57758,29.0503026766616,1.85039124140893,0.487925737977847,3.79236243834496,0.000149220913266544,0.0121573010252158
200315,"APOBEC3A",200315,25808.7382961788,1.44567275580294,0.381658735792468,3.78786759014221,0.000151945784474059,0.0122927327313314
389384,"BNIP5",389384,15.0776315664926,2.49953749281967,0.66077578966015,3.78273164957394,0.000155116619486314,0.0124189908016413
81030,"ZBP1",81030,12971.1707244521,1.91833595010313,0.508849214694296,3.7699497114398,0.000163280444565681,0.0128907397096609
107985046,NA,107985046,12.3761992314661,1.55941985360853,0.413876848300129,3.76783543223875,0.000164669195490453,0.0129156469330783
968,"CD68",968,27933.2806834246,1.51097306462992,0.401236488600161,3.76579176510448,0.000166022121534348,0.0129777697569654
390036,"OR52K1",390036,56.9796468717642,1.19362791174102,0.31709850860898,3.76421799325744,0.000167071092451119,0.0130157944011245
9732,"DOCK4",9732,2470.42258580539,1.66912254934377,0.444250170131529,3.75716805882054,0.000171847092768557,0.0132539934415963
91351,"DDX60L",91351,49030.161274227,1.6275098847294,0.43392536293791,3.75066779620871,0.000176364235477373,0.0135123035777333
100131234,"MIR181A1HG",100131234,48.9831116785131,2.38514657750396,0.639580638508183,3.7292351173533,0.000192061882668234,0.0145063274484042
9928,"KIF14",9928,61.6266283970972,1.1883269817784,0.318578504079111,3.73009153650651,0.000191410218091934,0.0145063274484042
102060414,"C2-AS1",102060414,13.0170752086282,2.23466965707316,0.599316650056798,3.72869610223807,0.000192473097357597,0.0145063274484042
100616405,"MIR4518",100616405,45.0262443972873,1.36984595587455,0.367127905890553,3.73124988293024,0.000190532117245164,0.0145063274484042
113730,"KLHDC7B",113730,442.44546758072,2.03334001148776,0.545114605246802,3.7301147170092,0.00019139260855225,0.0145063274484042
1870,"E2F2",1870,938.511937390587,1.54398257062702,0.414909868386982,3.72124812704374,0.00019824053135815,0.0147966319382377
728833,"FAM72D",728833,168.829699660477,1.19459858638839,0.321091431275333,3.72043122310552,0.000198882899679831,0.0147966319382377
114879,"OSBPL5",114879,1424.12946791793,1.0191783130066,0.273785486679233,3.72254324131019,0.000197226118469277,0.0147966319382377
109617001,"SNORA1B",109617001,31.0744162253606,1.82555670230942,0.491286125123322,3.71587270422337,0.000202503521491014,0.0150177130777535
105371461,NA,105371461,441.021062663773,1.59255990843416,0.429572879003956,3.70731018244636,0.000209472315475707,0.0154355746352768
101927546,"ANO7L1",101927546,73.8704191016422,1.80062719788136,0.486686761910521,3.69976613050432,0.000215798239236393,0.0157512292096267
3161,"HMMR",3161,58.6330221554229,1.31986418327035,0.35674106466932,3.69978203797141,0.000215784713579165,0.0157512292096267
100288846,"MIA2-AS1",100288846,48.7009994223642,1.06566496359558,0.287928441003641,3.70114518691158,0.000214628619840078,0.0157512292096267
554282,"FAM72C",554282,101.991637782499,1.1952450395532,0.323692682347531,3.69253030647735,0.000222033871436831,0.0158084735119407
84875,"PARP10",84875,4640.43420043113,1.37675493930391,0.372802730460726,3.69298512809296,0.00022163698922364,0.0158084735119407
23586,"RIGI",23586,21357.3955150739,1.9231825931969,0.520733658744323,3.69321736919098,0.000221434590104358,0.0158084735119407
19,"ABCA1",19,10817.2550681745,1.44705884764168,0.391573315608712,3.69549913122192,0.000219455230827408,0.0158084735119407
101927057,"LOC101927057",101927057,27.9500703138319,1.34532102985005,0.36396301027064,3.69631251497144,0.0002187536701703,0.0158084735119407
729533,"FAM72A",729533,247.21017688665,1.52243551673821,0.412731790336146,3.68868003964093,0.000225420486459885,0.0159503951550729
79570,"NKAIN1",79570,8.76128582412378,5.66295907837303,1.53574014944626,3.68744613495645,0.000226516022457704,0.0159790479500804
51148,"CERCAM",51148,165.297887462862,1.72065268134593,0.46710920113812,3.68361975562357,0.000229945178123939,0.0161716459921936
105378841,"LOC105378841",105378841,1319.28907066335,1.40341233859218,0.381498111351308,3.67868751334349,0.000234437296171575,0.0164376065418724
51514,"DTL",51514,105.635915030457,1.5385166200764,0.418450414838694,3.6766999518198,0.00023627067187648,0.0164663578490301
107986186,"BST1-AS1",107986186,15.1466226260376,1.2494727832712,0.33982840527099,3.67677558406229,0.000236200661301458,0.0164663578490301
105377326,"LOC105377326",105377326,17.5164338875518,3.00202120518322,0.817797855151412,3.67085971951762,0.000241735994309787,0.0167463695698798
119774,"OR52K2",119774,75.1427887708789,1.53319224302523,0.417755356310614,3.67007201670743,0.000242482143284732,0.0167479159143944
54756,"IL17RD",54756,11.357418819209,3.87775368146385,1.05786147350533,3.66565356484202,0.000246707715589561,0.0169386442828227
6373,"CXCL11",6373,59.4939309513352,2.84083685599075,0.77523628554028,3.66447870020803,0.000247842863204084,0.0169662371858464
102724571,"LNCTAM34A",102724571,8.72067144561017,2.58984271527385,0.707897248459526,3.65850089248076,0.000253694857650651,0.0171136781816932
494514,"TYMSOS",494514,7.32117234259517,2.11679676927202,0.578567609003666,3.65868523631541,0.000253512473529486,0.0171136781816932
101929697,"LINC01983",101929697,6.11282421182471,2.51115447905419,0.686742429475453,3.65661763606518,0.000255565156599942,0.0171292335037966
102724968,"LOC102724968",102724968,24.3772019854207,3.07294416526899,0.840512780900651,3.65603502421007,0.000256146373598134,0.0171292335037966
3428,"IFI16",3428,39940.0671819412,1.3756145690256,0.376598585188249,3.65273429887681,0.000259462668444774,0.0172106865126242
10859,"LILRB1",10859,8062.49836669466,1.26453322381095,0.346519385064109,3.64924237521951,0.000263014861048005,0.0173489020094921
112268262,NA,112268262,15.7919017885952,1.52729039445647,0.418946984535583,3.64554573927659,0.000266824949591808,0.0174895061859922
200420,"ALMS1P1",200420,77.6741714345967,2.46370252400001,0.676029748399314,3.64436998495037,0.000268047593494283,0.0175200147408777
149647,"GARIN4",149647,12.1938551620289,2.76760102572222,0.760142371149772,3.64089824585889,0.000271688505080086,0.0177079679733606
29935,"RPA4",29935,21.3095275685141,1.62821423526412,0.448108269594545,3.63352864863965,0.000279571389053784,0.0181196717084775
9672,"SDC3",9672,640.601455997688,2.0736595620854,0.571691327353124,3.62723634742937,0.000286471050427561,0.0185149920804271
151636,"DTX3L",151636,19810.813147897,1.36016551904283,0.375501044765839,3.62226826796453,0.000292031033722413,0.0186962039627234
105374545,"LOC105374545",105374545,63.4061916314762,2.335474699711,0.644829725812348,3.62184714231155,0.000292506951098015,0.0186962039627234
22797,"TFEC",22797,8456.0417158615,1.98471999438335,0.547933969397523,3.62218826579714,0.000292121388947555,0.0186962039627234
684,"BST2",684,5950.4411364414,1.44680555342252,0.399427089246695,3.62220187957492,0.000292106011565893,0.0186962039627234
100616139,"MIR4741",100616139,15.2815950562191,1.37701314544665,0.380305200231217,3.62081071888961,0.000293681317330539,0.0187195546016364
105374155,"SIAH2-AS1",105374155,17.5637655156296,1.29899933341381,0.360030368587429,3.60802711868559,0.000308534246935632,0.0194519493340508
54809,"SAMD9",54809,37223.48405003,1.85427049116263,0.51552141909595,3.59688350954338,0.000322052622557671,0.0200853196246345
283120,"H19",283120,7.96962328407628,1.69942226725856,0.472626954964767,3.59569476392909,0.000323526970025172,0.0201230296571033
105374843,"LOC105374843",105374843,116.345966609417,2.65106283570574,0.738214998042034,3.59117986323382,0.000329184352773451,0.020365421268642
105374128,"LOC105374128",105374128,39.8930230117183,2.82306885744147,0.786522899668616,3.58930281449009,0.000331563518669484,0.0204579111865987
3717,"JAK2",3717,11527.3041037186,1.1516081539274,0.321344928695748,3.58371348383019,0.000338743656342978,0.020845347660808
100128262,"TNK2-AS1",100128262,454.550022428292,1.34002123871605,0.374121631117518,3.58177963330627,0.000341261599661111,0.0209445912280074
7849,"PAX8",7849,159.640566667807,1.92274895772416,0.537229560510434,3.5790081169348,0.000344900757003717,0.020977582101158
64108,"RTP4",64108,2051.53768045943,2.34266085363915,0.654661829053239,3.57842896847532,0.000345665782941466,0.020977582101158
440068,"CARD17P",440068,3129.38276300777,1.84393267918812,0.515269607752176,3.57857838197004,0.000345468263453,0.020977582101158
9610,"RIN1",9610,249.521609976878,1.29688641920861,0.362703735320506,3.57560811460242,0.000349414736105166,0.0211090291488285
4481,"MSR1",4481,1736.86479443687,2.48990361680495,0.697273512062026,3.57091381464017,0.000355737944708734,0.0214163463953359
55337,"SHFL",55337,4223.02127918339,1.08613399259224,0.304250195397494,3.56987114231179,0.000357156870637682,0.0214163463953359
5371,"PML",5371,4754.54351241773,1.52030635042868,0.426266464121493,3.56656335506462,0.000361693396853577,0.0216249659338451
731424,"MIR3945HG",731424,867.08955153187,1.75544984353542,0.492509130820512,3.56429908337103,0.000364829778200266,0.0217562665154581
55388,"MCM10",55388,53.000435370747,1.61694883528826,0.454138159882852,3.56047779756136,0.000370180611491678,0.0219059820682723
101929532,"LOC101929532",101929532,6.61997373694065,3.03408345436109,0.852735657150969,3.55805861865576,0.000373605948523921,0.022032787617803
79370,"BCL2L14",79370,81.6917244436814,2.80724350554343,0.789480427879053,3.555811400018,0.000376814329170169,0.0220419820129636
107985288,NA,107985288,27.2314749625976,1.89356767417125,0.532512661492287,3.55591108174745,0.000376671468223851,0.0220419820129636
51131,"PHF11",51131,2676.80957228081,1.07993218305276,0.304020414555291,3.55216995750909,0.000382067991273128,0.0221561132382898
105372964,NA,105372964,113.932836621076,1.6258043875025,0.45764747857303,3.5525256089509,0.000381551877229289,0.0221561132382898
107986531,"LOC107986531",107986531,107.211065529473,1.43405786264509,0.40427222990579,3.54725790336694,0.000389263329213391,0.0224352870493919
144811,"LACC1",144811,806.726706784087,1.14117618120363,0.321738944720583,3.54690098892036,0.000389791053412376,0.0224352870493919
3017,"H2BC5",3017,591.285526338673,1.32687035242621,0.374398598791679,3.54400458951638,0.000394098385085972,0.0224597252071902
81622,"UNC93B1",81622,3082.14731909245,1.07305260129812,0.302731981444686,3.54456306921172,0.000393264405931669,0.0224597252071902
5414,"SEPTIN4",5414,718.824618178573,2.41239765983318,0.68068908897147,3.54405219492845,0.000394027231426338,0.0224597252071902
83854,"ANGPTL6",83854,1360.7542027931,1.00287144189528,0.283241439701684,3.54069462064424,0.000399075187607631,0.0226874734419296
196463,"PLBD2",196463,2035.07653128268,1.11696157411704,0.31560790484502,3.53907984233007,0.000401524389109357,0.0227707630274812
105374790,"LOC105374790",105374790,436.985546397358,1.05503517491819,0.298332100099417,3.536445372679,0.000405550363691552,0.0228312027131268
246329,"STAC3",246329,1747.38632471404,1.27782008778448,0.362054297060562,3.52936036986389,0.000416565461520831,0.023288507776626
339416,"ANKRD45",339416,19.4343922441443,3.23029462408032,0.917042140182896,3.5225149232903,0.000427472974341071,0.0233992629279969
7130,"TNFAIP6",7130,3341.59949988002,1.69609901057888,0.481613586526505,3.52170091963453,0.000428787599683235,0.0233992629279969
8900,"CCNA1",8900,99.4486313895799,1.93638927501356,0.549151692080248,3.52614642354702,0.000421653774831494,0.0233992629279969
4600,"MX2",4600,32899.4737366588,1.47251944272297,0.418052084943546,3.52233488542897,0.000427763413032142,0.0233992629279969
106635530,"SNORA98",106635530,8.50787169516028,1.99799421158858,0.567679629734111,3.51958059957938,0.000432229684807265,0.0234749552553627
105369349,NA,105369349,63.0720059230441,1.51547080642546,0.430656944042929,3.51897450485413,0.0004332183375417,0.0234749552553627
3976,"LIF",3976,71.199277592899,2.12378993997887,0.6037039564991,3.5179327833046,0.000434922512501008,0.0235122362015148
467,"ATF3",467,514.606718226891,1.92612137496315,0.547712932105547,3.51666221857981,0.000437009528518549,0.0235151778392144
105372572,"NXT1-AS1",105372572,18.1228543206542,1.31693395556025,0.374480583175478,3.51669489614938,0.000436955735763933,0.0235151778392144
107985193,"LOC107985193",107985193,55.1423599080442,1.17436332607404,0.334105095475852,3.51495185789203,0.000439833714070522,0.023557575176305
105377872,NA,105377872,170.0006726675,1.48844217546097,0.424232127305021,3.50855599955726,0.000450546372356008,0.0238560176667799
135112,"NCOA7",135112,6039.66510462567,1.74214689447755,0.496489297031051,3.50893142086927,0.000449910898039755,0.0238560176667799
51251,"NT5C3A",51251,12538.6550032829,1.97400193414408,0.562724078364571,3.50793934370298,0.00045159200181734,0.0238560176667799
91404,"SESTD1",91404,3180.55863272675,1.05881610842604,0.302510881777854,3.50009263205141,0.000465096507500691,0.0242947864855943
107987044,NA,107987044,259.945970027395,1.49400202116558,0.426781185181633,3.50062765894834,0.000464163866351288,0.0242947864855943
400709,"SIGLEC16",400709,584.503312328194,1.2024587042395,0.34355342413494,3.50006322093069,0.000465147826653915,0.0242947864855943
57636,"ARHGAP23",57636,43.1072495116939,1.51606117279868,0.433440113626218,3.49774080694818,0.000469216902690779,0.0243786350529655
6237,"RRAS",6237,301.60838548564,1.24840342038533,0.356957489704614,3.49734479984828,0.00046991404761097,0.0243786350529655
3010,"H1-6",3010,21.4167277562928,1.35547700634121,0.387751930882243,3.4957324474365,0.000472762478299213,0.0244715396485172
26471,"NUPR1",26471,17.65769240425,2.72594986182379,0.780086315726798,3.49442081839886,0.00047509151395472,0.0244745632400584
3965,"LGALS9",3965,17091.3104803541,1.13610738290675,0.325167521960136,3.49391407868229,0.000475994185237543,0.0244745632400584
79168,"LILRA6",79168,9891.63588588997,1.35306591205368,0.388150781062859,3.48592860833264,0.000490431870527796,0.0250499174840445
127396,"ZNF684",127396,494.2626290909,1.55189022600073,0.4459206356521,3.4801937876934,0.000501051222573219,0.0254239543594279
165904,"XIRP1",165904,6.05035551651996,2.55263478068167,0.733785474840579,3.47872078176016,0.000503813232358469,0.0254524684941272
8743,"TNFSF10",8743,45078.2735391149,2.03798852195722,0.585839181671683,3.47875080007769,0.000503756804083914,0.0254524684941272
105373582,"LOC105373582",105373582,667.460343108231,2.11289608599428,0.607751621373172,3.47657827916664,0.000507855951424989,0.0255451543566769
112267855,"LOC112267855",112267855,523.046491007084,1.06017998739152,0.305112739526897,3.47471557246484,0.000511395274183434,0.0256673836313586
6507,"SLC1A3",6507,143.321284619312,1.783006698792,0.513731409109321,3.47069824265424,0.000519107001406932,0.0259418958932043
105376505,"IFITM3-AS1",105376505,2910.02463480071,2.17178727650164,0.627291708297324,3.46216480749694,0.000535848918610856,0.0264359750081407
8343,"H2BC7",8343,96.7842599206517,1.16998806230192,0.338280127967746,3.45863669063493,0.000542916704124451,0.0267257032200979
389118,"CDHR4",389118,14.7488477076036,1.34044874531434,0.387718223189936,3.45727558092537,0.000545666522278302,0.026749220323041
199223,"TTC21A",199223,1435.35737097987,1.84583674338134,0.534190348804991,3.45539141152692,0.000549494482236556,0.0268799224735506
87178,"PNPT1",87178,3804.30590914266,1.70345049946773,0.493353435721204,3.4527995066611,0.000554801193738517,0.0269296662255451
2820,"GPD2",2820,3541.4828398183,1.10248083024751,0.319238431083986,3.45347152128268,0.000553420734103488,0.0269296662255451
100129354,"NRADDP",100129354,150.630590894227,1.01298586065007,0.293259367892696,3.45423189011551,0.000551862634726997,0.0269296662255451
80830,"APOL6",80830,34002.512997983,1.30845087897223,0.379035160417976,3.45205673671369,0.000556330731083523,0.0269296662255451
79895,"ATP8B4",79895,1976.93156055042,1.00146950598611,0.290409937645723,3.44846844465711,0.000563775340059909,0.0271763204548045
9493,"KIF23",9493,205.175285559225,1.3585659945342,0.394032980261344,3.44784843551198,0.000565071031827446,0.0271821487202151
101154753,"PANDAR",101154753,68.3779221565157,1.59072078816824,0.461536086861588,3.44657944080824,0.000567731621298792,0.0272534735552105
664618,"HSP90AB4P",664618,49.4321948815309,1.62793079426966,0.472620932746464,3.44447459152843,0.000572170410279726,0.0274096872734002
26270,"FBXO6",26270,1131.56921262407,1.50883479396528,0.438136877702659,3.44375210294269,0.000573701457763186,0.0274262486151335
23380,"SRGAP2",23380,6755.83221675699,1.27612573889388,0.370646121985099,3.44297609822338,0.00057535016148651,0.0274483547143812
80740,"LY6G6C",80740,51.0216614715494,1.63148937613321,0.474003722564965,3.44193367787235,0.000577571837471782,0.027497648509099
9447,"AIM2",9447,3006.64240313255,1.73162967588928,0.503356212748216,3.44016748384799,0.00058135430941106,0.0275659464748014
10461,"MERTK",10461,907.993631912891,1.95952177280444,0.570165667975085,3.4367586174797,0.000588720015262634,0.0278564493111387
11006,"LILRB4",11006,2530.34997930384,1.46589276998013,0.426935534718317,3.43352251282454,0.000595792724634269,0.0280762771132133
105375020,"LOC105375020",105375020,41.2718645633091,1.53320964338093,0.447345722276713,3.42734839528105,0.000609506533769762,0.0286060084753849
3431,"SP110",3431,31821.7917725808,1.10469900823725,0.32258869308578,3.4244814896333,0.000615973805137295,0.0286887656005893
7803,"PTP4A1",7803,11786.122397481,1.18230141409311,0.34521458013429,3.4248304739423,0.000615183154146351,0.0286887656005893
653319,"MATCAP1",653319,724.686109918636,1.47315017677781,0.430036803181635,3.4256374474898,0.000613358508166335,0.0286887656005893
102465478,"MIR6797",102465478,11.9972428610221,1.29668683145748,0.378664485688762,3.42436874981529,0.000616229427932099,0.0286887656005893
4811,"NID1",4811,1268.74063892105,1.26279691077581,0.368893414182872,3.42320264397509,0.000618879217266971,0.0287444848116999
55803,"ADAP2",55803,2065.15024634432,1.23909955912453,0.362076302437513,3.42220562567299,0.000621153185489237,0.0287444848116999
9033,"PKD2L1",9033,63.3732453891735,2.22641660546891,0.651306055418614,3.41838769491852,0.000629933079978686,0.0290846277038838
85441,"HELZ2",85441,4147.88098440038,1.47900426982092,0.432720618129025,3.41791957179153,0.00063101750831315,0.0290846277038838
23166,"STAB1",23166,6584.38644349954,1.50525853900863,0.440494789977622,3.41719941587754,0.000632689173365355,0.0291037019748063
121599,"SPIC",121599,6.81206533708211,3.7133880463132,1.08723572955787,3.41543967454349,0.000636791328649704,0.0291187307555274
23136,"EPB41L3",23136,2621.48325378026,1.26171126536697,0.369347790305848,3.41605202056895,0.000635361082602748,0.0291187307555274
27299,"ADAMDEC1",27299,47.4019331252433,1.48590904025431,0.435245206117813,3.41395842933673,0.000640263441097066,0.0292197544380748
4192,"MDK",4192,82.6275295785842,1.47592702076595,0.433071923437805,3.40804134576485,0.000654309797227163,0.0297475327758118
100874043,"TPRG1-AS1",100874043,56.5339320333372,1.80195290015629,0.529561961946599,3.40272343869365,0.000667177771529253,0.0301648952908927
15,"AANAT",15,452.019226378249,1.43746345950959,0.422460953563908,3.40259483718686,0.000667491848428433,0.0301648952908927
51056,"LAP3",51056,11320.1982828156,1.51962406838134,0.446706882561843,3.40183715027261,0.000669345101153075,0.0301776278610222
4605,"MYBL2",4605,149.9292105214,1.16201125464569,0.341901380100626,3.39867377634946,0.000677134306750286,0.0303634371891243
193629,"LINC00189",193629,356.822473738352,1.74040821604127,0.512976136398011,3.39276643210341,0.000691906079155198,0.0309658082388646
950,"SCARB2",950,5826.87704160278,1.16681693107162,0.344861221381277,3.38343907267438,0.00071584088564508,0.0315771218474546
8364,"H4C3",8364,20.4473613299291,1.3945723315489,0.412180675818588,3.38340056524797,0.000715941274400963,0.0315771218474546
107985087,"LOC107985087",107985087,15.4604955571236,1.98718586629892,0.587552179788762,3.38214363703554,0.000719225273401993,0.0316377079391166
80178,"TEDC2",80178,6.49120146372178,1.70507207377438,0.504296046000296,3.38109348129488,0.000721979759369746,0.0316986103838656
101928233,"LINC01671",101928233,14.0074422516895,2.28769287254178,0.676763130485399,3.3803450121477,0.000723948920365772,0.0317248676504228
11277,"TREX1",11277,296.748605118239,1.36294588046905,0.403707866520901,3.37606966199281,0.000735292993955819,0.0321003948946221
54676,"GTPBP2",54676,7179.60807911485,1.02940718815463,0.305555450698328,3.36897013554164,0.000754496033263559,0.0327539473026977
3013,"H2AC7",3013,16.933527377566,1.29748545121366,0.385825260821549,3.36288362366654,0.000771328728598237,0.0332346445480559
9246,"UBE2L6",9246,17950.6160527637,1.66263766755433,0.495032342296452,3.358644527833,0.000783257509553327,0.0336858963867005
57088,"PLSCR4",57088,39.0583743967283,1.99525552320092,0.594532123289191,3.35600961670896,0.000790758190542945,0.0338198946631842
116028,"RMI2",116028,96.2663498580824,1.19418407738949,0.355791722717142,3.35641332032585,0.000789604677629576,0.0338198946631842
107987121,"LOC107987121",107987121,28.450694070462,1.25000167801531,0.372581109607983,3.35497867653709,0.000793711023608732,0.0338783054189443
677811,"SNORA28",677811,79.857152972978,1.27511502825112,0.38025940762235,3.35327674395761,0.000798608123798638,0.0339672697949502
699,"BUB1",699,133.246206491625,1.03168132220038,0.307786482392179,3.3519383768317,0.00080247878858511,0.0340692737803345
3557,"IL1RN",3557,15844.9166811851,1.74711058980189,0.521484407697805,3.35026429172609,0.000807344884011705,0.0342130877770381
105369865,"PPP1R12A-AS1",105369865,28.8991700107156,1.158046451166,0.345852317002904,3.3483842502529,0.000812842270150897,0.0343203365816632
107985279,"LOC107985279",107985279,394.482395540926,1.47165455435977,0.439821822890573,3.34602440753813,0.000819791791974292,0.0344396239168724
23424,"TDRD7",23424,3871.79689088366,1.26289213066864,0.377752918886285,3.34316974807761,0.000828272170924496,0.0345930712831245
5077,"PAX3",5077,8.26384762681432,4.4025106404721,1.3178603351461,3.34065038840706,0.000835824001042715,0.0347829060002272
48,"ACO1",48,3813.50493847809,1.65614201993557,0.495754051363878,3.3406525178752,0.00083581759103735,0.0347829060002272
400759,"GBP1P1",400759,442.195105712184,2.68675926867457,0.805385764724146,3.33599051082659,0.000849960648980584,0.0352444256202737
100507341,"SMIM18",100507341,33.3558002052076,1.47030035755492,0.440679684440524,3.3364378015782,0.000848594145712467,0.0352444256202737
838,"CASP5",838,2610.84096128833,1.98019424318556,0.59367692607615,3.33547449161189,0.000851539657455355,0.0352467345155671
26509,"MYOF",26509,3789.41504197461,1.43736105249398,0.431155593591329,3.33374093681916,0.000856864243568958,0.0353124600347813
102724470,"LINC01887",102724470,130.912752912097,2.30501552495309,0.691533937563548,3.3331921974419,0.000858556110654194,0.0353124600347813
107985595,"LOC107985595",107985595,48.0765458106459,1.45452478690906,0.436606314653517,3.33143323422462,0.000864000228683963,0.0354454561902297
57590,"WDFY1",57590,7144.44919354155,1.07893075822893,0.323998194249352,3.33005176380267,0.000868298403136669,0.0354959159925375
771,"CA12",771,25.1307899833481,1.77142220186579,0.532324727576324,3.32770977957586,0.000875630350599492,0.0357325133195256
51246,"SHISA5",51246,16035.8802429256,1.11410814654406,0.33501171435033,3.32557967026495,0.00088234879449569,0.0358801167083326
4494,"MT1F",4494,101.879052081608,1.25097745038648,0.376441867784712,3.32316237231591,0.000890030913309767,0.0360657360283036
8318,"CDC45",8318,70.0732743628625,1.33979967649985,0.403544293929278,3.32008083537578,0.000899913866130073,0.0362125339730741
113675,"SDSL",113675,85.9136658646869,1.60166291860861,0.48269847766868,3.31814371229068,0.000906178475754634,0.0363958358121825
107985207,"LOC107985207",107985207,37.3516490695471,1.03174745913462,0.311278415617493,3.314548672088,0.000917911981068861,0.0366816017581543
100049587,"SIGLEC14",100049587,12523.7559681102,1.22794403570009,0.370741042081426,3.31213406750471,0.000925871641774402,0.0369358931851312
79733,"E2F8",79733,38.7153778608272,1.42643939567849,0.430961124124831,3.3099027170379,0.00093328402187484,0.037167514110396
107986153,NA,107986153,403.976600329971,1.50624641633636,0.455502746146616,3.30677790436752,0.000943756854160909,0.0373276001565387
54734,"RAB39A",54734,282.131531178402,1.4066126489312,0.425352479217916,3.30693417261256,0.000943230544600849,0.0373276001565387
10721,"POLQ",10721,113.301737506932,1.06529522580086,0.322391111822097,3.30435668582797,0.000951946328577806,0.0375353734099546
105369318,"PATL1-DT",105369318,5.69481193707142,3.11569488529708,0.943442084113542,3.30247604782713,0.000958352723014041,0.0376064062026607
3005,"H1-0",3005,3324.23668676931,1.72435124561843,0.522165729007164,3.30230643228363,0.00095893247729146,0.0376064062026607
11309,"SLCO2B1",11309,10.2504339181105,2.27620312872025,0.68940675135942,3.30168383792569,0.000961063321124565,0.0376261981796619
1581,"CYP7A1",1581,10.8300660152782,1.22650151270888,0.371609736334061,3.30050962821467,0.000965094020927769,0.0377195954784465
100874231,"SPATA13-AS1",100874231,9.75314435483084,1.42090759259187,0.430759085917964,3.29861316694891,0.000971637063992419,0.0377844342632884
51510,"CHMP5",51510,6326.5752019765,1.25326325239058,0.380285492974813,3.29558522621209,0.000982169070976786,0.0381299126917129
4086,"SMAD1",4086,344.707661865011,1.7165022189831,0.521551927498058,3.29114346718523,0.000997810109514621,0.0385113794636005
10769,"PLK2",10769,188.115452144433,1.05266380774752,0.319735123157492,3.29229956769252,0.000993717012456681,0.0385113794636005
26740,"OR1J2",26740,19.4447174153836,2.78590016804648,0.847395530122327,3.28760309562208,0.0010104418463767,0.0385802036987856
200403,"VWA3B",200403,9.17054535315056,3.5563140833983,1.08252721159923,3.28519601659206,0.00101911445186057,0.0388383295554268
729461,"FAM230J",729461,3.60317015748423,3.78756555326921,1.15305931522259,3.28479680382967,0.0010205594420304,0.0388383295554268
100506413,"DOCK4-AS1",100506413,53.7709198154958,1.89173744803465,0.576462314445876,3.28163246864295,0.00103208033093991,0.0391479913070289
6274,"S100A3",6274,13.0802544890337,1.47544295657459,0.450200150779324,3.27730444785616,0.00104803298477442,0.0394658732627054
104326058,"SMAD1-AS1",104326058,43.128461143774,1.86448125002227,0.569162102464823,3.27583520046033,0.00105350014971573,0.0395712442599393
3833,"KIFC1",3833,92.0517208648803,1.08793031994394,0.332167669670847,3.27524446019084,0.00105570576088171,0.0395898215482675
27348,"TOR1B",27348,4497.34858732334,1.25194947565609,0.382334543632806,3.27448695522126,0.00105854026292593,0.0396318844718125
6773,"STAT2",6773,36416.27088539,1.34716739101571,0.41160527572812,3.27295948438125,0.00106427731976452,0.039718142943083
1890,"TYMP",1890,11109.8443557963,1.38781427573406,0.42396767222732,3.27339645601553,0.00106263315914021,0.039718142943083
105372767,"LOC105372767",105372767,57.9229489078931,1.70863784066691,0.52221345708044,3.27191461173648,0.00106821833064161,0.0398010237268689
8344,"H2BC6",8344,15.4656929102307,1.577822875613,0.482829096038258,3.26787032629032,0.00108360000825881,0.0403092234583479
105373171,"LOC105373171",105373171,80.3146094350329,1.8313213690114,0.561478673084549,3.2616045039624,0.00110783589283318,0.0407521572152212
102724625,"LOC102724625",102724625,10.0974854699976,1.28066656162984,0.392639271198652,3.26168739494705,0.00110751202902386,0.0407521572152212
100874530,"APOBEC3B-AS1",100874530,1984.65190391395,1.67209259658295,0.51263382383302,3.26176798885514,0.00110719722407863,0.0407521572152212
55355,"HJURP",55355,57.9692858255696,1.23108798218397,0.377511146420292,3.2610639284631,0.00110995012697974,0.040765120695329
105372298,"LOC105372298",105372298,8.83252395117261,3.78218589488655,1.16106143974562,3.25752433541777,0.00112388621299372,0.0410813257444686
107986664,NA,107986664,68.4391402223638,1.90859348639528,0.586356412440244,3.2550057369583,0.00113390075313942,0.0413168435057322
102723604,"LOC102723604",102723604,95.9911597431808,1.93759603483085,0.595200691487898,3.25536590017595,0.00113246362229969,0.0413168435057322
148022,"TICAM1",148022,393.756011097357,1.00415959074517,0.308645827337138,3.25343646926518,0.0011401821757767,0.0414390229027924
100423021,"MIR4298",100423021,22.9158260943462,2.28398586835562,0.703389207079726,3.24711531733346,0.00116581143449504,0.0421477265177285
342510,"CD300E",342510,28289.3166143509,1.41050825215518,0.434666808703169,3.24503326205983,0.00117436905368965,0.0422590220284153
3663,"IRF5",3663,2810.62019143432,1.01483861556144,0.313130919835992,3.24094029453552,0.00119136133516753,0.0428039108278048
5031,"P2RY6",5031,209.176601176596,1.62757047335868,0.502320577193163,3.24010312787329,0.00119486476210212,0.0428632261480911
112267915,NA,112267915,54.200955386248,1.55587772626266,0.480281334881288,3.23951320458296,0.00119733922366037,0.042885503029495
128372,"OR6N1",128372,1121.00055249204,1.05057677059239,0.324446804741381,3.23805553095156,0.00120347382097,0.0430208912672307
101928696,"RABGAP1L-AS1",101928696,11.57487520104,1.4444366514343,0.446297093037018,3.23649128342965,0.00121008922072995,0.0431418249449145
112267968,"LOC112267968",112267968,163.704987207947,1.92174147445527,0.598542417965471,3.21070222723317,0.0013241106447943,0.0462100634981155
84674,"CARD6",84674,2823.30394125052,1.05959738857684,0.330732943732219,3.20378543673217,0.0013563351695369,0.0471214461752925
284417,"TMEM150B",284417,644.102461164778,1.14097010788644,0.356100534588229,3.20406738284115,0.00135500759661004,0.0471214461752925
85363,"TRIM5",85363,5732.21396974489,1.48890043170318,0.465258474428357,3.20015757592062,0.001373524715448,0.0475757707575386
4751,"NEK2",4751,21.6997379381614,1.26107852171271,0.394234125484045,3.19880609057967,0.00137997953370691,0.0477092703552137
390037,"OR52I1",390037,7.5111127691032,1.7510180469649,0.547451808757918,3.19848801109579,0.00138150277197654,0.0477092703552137
386597,"GRASLND",386597,188.908495866063,1.85922187686066,0.582453605058486,3.1920514539076,0.00141266165243771,0.0483026203612885
94086,"HSPB9",94086,10.2857684789556,1.79700903361853,0.562779301654737,3.19309723782447,0.00140755540063753,0.0483026203612885
102724852,NA,102724852,7.79682276198573,1.50283927894412,0.471591471510324,3.18673973074854,0.00143886190057687,0.0489018935768276
2643,"GCH1",2643,5304.1754922449,1.37094627421688,0.430500042552834,3.18454387620328,0.00144982330264771,0.0489722796739602
24137,"KIF4A",24137,40.3033201118337,1.28073695609656,0.402286040102656,3.18364752545164,0.00145431984186253,0.0489811535677076
5800,"PTPRO",5800,1086.63569972371,1.31130609070298,0.412078887955642,3.18217246510366,0.00146174746300307,0.0490884075456677
5932,"RBBP8",5932,764.864602681281,1.08024825172648,0.339701867485847,3.17998914672285,0.00147280568367082,0.0491034263815207
80139,"ZNF703",80139,336.133638828774,1.23115572916604,0.387474404322273,3.17738595229132,0.00148609125450546,0.0494750783406435
101927745,"LOC101927745",101927745,26.9252788084393,2.08191554779467,0.655520044246913,3.17597541992244,0.00149333603870332,0.049573614438332
23654,"PLXNB2",23654,5396.19256875348,1.03350860446204,0.325661770181157,3.17356441281741,0.00150579485689329,0.0499155893965574
